{
    "uvs":[],
    "vertices":[-2.27199,-1,1,-1.61458,0.086378,1,-2.27199,-1,-1,2.27199,-1,1,-2.27199,1,1,-1.61458,0.086377,-0.33095,-1.61458,1,1,-1.61458,1,-0.330951,1.61458,0.086378,1,-2.27199,1,-1,-0.049305,0.021701,-0.999999,2.27199,-1,-1,1.61458,0.086377,-0.33095,0.843871,1,-0.999999,2.27199,-0.206633,1,1.61458,1,1,2.27198,0.384108,1,2.27198,1,1,2.27199,1,0.02549,1.61458,1,-0.330951,2.27199,-0.256077,-0.295139,2.27199,1,-0.999998],
    "normals":[-1,-0,-2e-06,-0,0,1,-0,-0,1,1,0,0,0,1,0,1,-0,0,0,1e-06,-1,-1,0,-3e-06,-0,1,-0,0,0,-1,0,1,-0,0,-1,0,2e-06,-1e-06,1,2e-06,-1e-06,1,-1,0,-0,1e-06,0,1,-0,1,0,1,-0,2e-06,0,1,-0,0,0,1,0,1,-0,0,1,-0,0,1,-0,0,0,-1,-1e-06,-2e-06,1,-0,-1,0,0,-1e-06,1,1,2e-06,3e-06,1,1e-06,0,1,2e-06,2e-06,1,2e-06,0,0,1e-06,-1,1,3e-06,0,-0,0,1,1e-06,0,-1,1,0,3e-06,0,1,-0,-1,0,0],
    "metadata":{
        "type":"Geometry",
        "vertices":22,
        "uvs":0,
        "generator":"io_three",
        "faces":40,
        "normals":38,
        "version":3
    },
    "faces":[32,4,2,0,0,0,0,32,3,1,0,1,1,1,32,1,4,0,2,2,2,32,6,1,5,3,3,3,32,7,4,6,4,4,4,32,7,6,5,5,5,5,32,11,2,10,6,6,6,32,4,9,2,7,7,7,32,7,9,4,8,8,8,32,13,10,9,9,9,9,32,9,7,13,10,10,10,32,2,3,0,11,11,11,32,14,8,3,12,12,12,32,14,16,8,13,13,13,32,15,12,8,14,14,14,32,16,15,8,15,15,15,32,18,19,17,16,16,16,32,19,15,17,4,4,4,32,21,20,11,17,17,17,32,13,7,19,18,18,18,32,12,19,5,19,19,19,32,21,13,19,20,20,20,32,8,5,1,21,21,21,32,1,6,4,1,1,1,32,12,5,8,22,22,22,32,9,10,2,23,23,23,32,3,8,1,24,24,24,32,2,11,3,25,25,25,32,16,17,15,26,26,26,32,18,16,14,27,27,27,32,20,18,14,28,28,28,32,18,17,16,29,29,29,32,11,20,3,30,30,30,32,21,11,10,31,31,31,32,20,14,3,32,32,32,32,5,19,7,33,33,33,32,13,21,10,34,34,34,32,21,18,20,35,35,35,32,18,21,19,36,36,36,32,15,19,12,37,37,37]
}