{
    "faces":[32,0,1,2,0,0,0,32,23,4,24,1,1,1,32,24,4,22,2,2,2,32,3,5,6,3,3,3,32,3,6,4,4,4,4,32,22,4,8,5,5,5,32,5,7,6,6,6,6,32,22,8,12,7,7,7,32,7,9,10,8,8,8,32,1,9,5,9,9,9,32,11,12,8,10,10,10,32,9,1,13,11,11,11,32,10,14,15,12,12,12,32,9,13,14,13,13,13,32,13,1,16,14,14,14,32,21,23,24,15,15,15,32,23,2,3,16,16,16,32,23,3,4,17,17,17,32,3,2,5,18,18,18,32,4,6,8,19,19,19,33,7,11,8,6,20,20,20,20,33,17,18,15,14,21,21,21,21,32,5,2,1,22,22,22,32,7,5,9,23,23,23,32,7,10,11,24,24,24,32,11,10,15,25,25,25,32,10,9,14,26,26,26,32,11,15,12,27,27,27,32,12,15,18,28,28,28,33,22,12,18,21,29,29,29,29,32,14,13,16,30,30,30,32,14,16,17,31,31,31,33,21,18,17,20,32,32,32,32,33,20,17,16,19,33,33,33,33,33,0,19,16,1,34,34,34,34,33,23,20,19,2,35,35,35,35,32,22,21,24,36,36,36,32,21,20,23,37,37,37,32,19,0,2,38,38,38],
    "metadata":{
        "faces":39,
        "vertices":25,
        "normals":39,
        "uvs":0,
        "type":"Geometry",
        "generator":"io_three",
        "version":3
    },
    "vertices":[-0.25955,0.790567,-0.322494,-0.101044,1.01393,0.466146,0.460566,0.752982,-0.418477,1.13287,0.390274,-0.488443,0.673856,-0.620933,-0.515437,0.61943,0.745452,0.423119,1.08525,0.021409,-0.005532,0.66331,0.232896,0.584457,0.477608,-0.789018,-0.032215,0.063098,0.71085,0.900354,-0.038723,-0.203604,0.993543,0.030125,-0.670208,0.6284,-0.009577,-0.873217,0.214554,-0.538321,0.701644,0.751916,-0.703427,0.158728,0.835354,-0.662075,-0.47244,0.670259,-0.821603,0.580489,-0.040329,-1.00502,-0.006306,0.018647,-0.827788,-0.540831,0.034152,-0.679371,0.567404,-0.551227,-0.707562,0.022619,-0.70702,-0.529137,-0.547227,-0.559345,0.034176,-0.872334,-0.196314,-0.078402,0.027106,-0.916795,0.01587,-0.686794,-0.705835],
    "normals":[0.013523,0.961351,-0.274995,0.29182,-0.235412,-0.92705,0.191037,-0.920107,-0.341918,0.867978,0.349644,0.352652,0.89111,-0.39871,-0.216688,0.258761,-0.940104,-0.221919,0.828661,0.231379,0.509691,0.178587,-0.983779,0.016904,0.486968,0.034716,0.872729,0.33521,0.827319,0.450753,0.343796,-0.855693,0.386773,-0.16129,0.779609,0.605141,-0.35465,-0.258286,0.898617,-0.237019,0.217593,0.946824,-0.549462,0.832653,0.069136,-0.319584,-0.307096,-0.896414,0.164651,0.472233,-0.86596,0.367677,-0.142364,-0.918992,0.466799,0.880716,-0.080236,0.793069,-0.59838,0.113942,0.660359,-0.472309,0.583824,-0.919178,-0.214726,0.330159,0.345634,0.936645,-0.056864,0.613965,0.284341,0.73634,0.636694,-0.414769,0.650067,-0.131328,-0.62289,0.771207,-0.168313,0.118467,0.978589,-0.220739,-0.867112,0.446532,-0.406476,-0.89112,0.2017,-0.385332,-0.914087,-0.126348,-0.907054,0.318211,0.275671,-0.910041,0.311896,0.273033,-0.8568,-0.333978,-0.392877,-0.923857,0.200649,-0.325928,-0.414294,0.896342,-0.157897,-0.090175,0.487355,-0.868536,-0.314004,-0.895685,-0.31488,-0.296975,-0.325612,-0.897654,-0.047349,0.757018,-0.651676],
    "uvs":[]
}