{
    "faces":[32,0,1,2,0,0,0,32,26,38,6,1,1,1,32,3,4,37,2,2,2,32,37,4,5,3,3,3,32,2,7,3,4,4,4,32,6,9,10,5,5,5,32,4,8,5,6,6,6,32,26,6,10,7,7,7,32,9,14,10,8,8,8,32,2,1,11,9,9,9,32,26,10,14,10,10,10,32,12,16,17,11,11,11,32,11,1,15,12,12,12,32,26,14,20,13,13,13,32,13,19,14,14,14,14,32,13,18,19,15,15,15,32,19,24,25,16,16,16,32,15,1,21,17,17,17,32,21,27,28,18,18,18,32,21,1,27,19,19,19,32,26,20,36,20,20,20,33,5,6,38,37,21,21,21,21,32,28,31,32,22,22,22,32,27,1,0,23,23,23,32,30,34,35,24,24,24,32,26,36,38,25,25,25,32,0,3,31,26,26,26,33,7,8,4,3,27,27,27,27,32,0,2,3,28,28,28,33,9,6,5,8,29,29,29,29,33,13,14,9,8,30,30,30,30,33,13,8,7,12,31,31,31,31,33,11,12,7,2,32,32,32,32,33,18,13,12,17,33,33,33,33,33,16,12,11,15,34,34,34,34,33,22,23,18,17,35,35,35,35,32,14,19,20,36,36,36,33,23,24,19,18,37,37,37,37,32,16,15,21,38,38,38,32,19,25,20,39,39,39,33,21,22,17,16,40,40,40,40,33,36,20,25,30,41,41,41,41,33,29,30,24,23,42,42,42,42,33,29,23,22,28,43,43,43,43,32,22,21,28,44,44,44,32,25,24,30,45,45,45,33,34,30,29,33,46,46,46,46,32,30,35,36,47,47,47,33,33,29,28,32,48,48,48,48,33,0,31,28,27,49,49,49,49,33,38,35,34,37,50,50,50,50,33,37,33,32,3,51,51,51,51,32,36,35,38,52,52,52,32,34,33,37,53,53,53,32,32,31,3,54,54,54],
    "metadata":{
        "faces":55,
        "vertices":39,
        "normals":55,
        "uvs":0,
        "type":"Geometry",
        "generator":"io_three",
        "version":3
    },
    "vertices":[0.018778,0.820304,-0.450422,-0.178155,0.944414,0.096973,0.345599,0.998199,-0.023437,0.185078,0.55931,-0.590667,0.528828,0.106015,-0.373923,0.062987,-0.405381,-0.536986,0.091718,-0.812568,-0.451518,0.635761,0.640492,0.161584,0.876479,-0.076172,-0.005875,0.649897,-0.487798,0.016635,0.749751,-0.901986,0.01914,0.347604,0.853732,0.333897,0.579872,0.66403,0.503973,0.568627,0.169912,0.669545,0.238339,-0.839759,0.269185,0.102709,1.11505,0.519068,0.149633,0.770377,0.930131,0.035423,0.376849,1.01003,0.254773,0.087642,0.998393,-0.022568,-0.475759,0.989694,0.053385,-0.948307,0.430485,-0.271838,0.912549,0.654686,-0.722371,0.135525,0.553022,-0.900066,-0.020503,0.687754,-0.688251,-0.389049,0.533504,-0.585033,-0.802126,0.657199,-0.053725,-0.884586,-0.030177,-0.603537,0.795236,0.094497,-0.621962,0.63993,-0.047349,-1.00851,-0.010677,0.024802,-0.713725,-0.766282,0.221803,-0.545398,0.806246,-0.404035,-0.329298,0.51943,-0.770201,-0.702688,0.044436,-0.710359,-0.526441,-0.32661,-0.64226,-0.578755,-0.765889,-0.513623,-0.196005,-0.722774,-0.486107,-0.017647,-0.051037,-1.01796,-0.009211,-0.730714,-0.673645],
    "normals":[-0.160114,0.948683,-0.272697,-0.232797,-0.942092,-0.241386,0.714956,0.22578,-0.66171,0.717324,-0.498076,-0.487202,0.778883,0.3698,-0.506547,0.58852,0.137066,-0.796779,0.605231,-0.318722,-0.72946,-0.010769,-0.985024,-0.172082,0.447503,0.11325,0.887083,-0.009023,0.927044,0.374845,-0.032265,-0.983369,0.178729,0.695534,-0.056424,0.716274,0.376912,0.744084,-0.551613,0.353513,-0.911934,-0.20834,0.749235,-0.441021,0.494112,0.71782,-0.362533,0.594394,-0.552145,0.109533,0.826522,-0.484135,0.874431,-0.031363,-0.752814,-0.392979,0.528052,-0.330922,0.943657,-0.001672,-0.925317,-0.339882,0.168134,0.950557,-0.085546,-0.298536,-0.906779,-0.272503,-0.321704,-0.312389,0.896018,-0.315539,-0.981553,0.064153,-0.180107,-0.281972,-0.92852,-0.241543,-0.084629,0.429265,-0.899205,0.773543,0.364599,-0.518361,0.4668,0.630607,-0.620027,0.645308,-0.251071,-0.721485,0.737312,-0.427863,0.522784,0.94065,0.177826,0.289059,0.651814,0.737287,0.177615,0.593747,0.304131,0.744963,0.657398,0.684985,0.314043,-0.396968,0.209883,0.893513,0.719563,-0.479155,0.502633,-0.383413,-0.132848,0.913972,-0.169719,0.745529,0.644502,0.056692,-0.758772,0.648885,-0.526756,0.238973,0.815733,-0.194268,-0.971815,-0.133553,-0.882297,-0.387445,0.267281,-0.762822,0.597186,0.247934,-0.852199,0.461986,0.245613,-0.950499,-0.157255,0.267997,-0.815723,-0.431646,-0.385069,0.110514,-0.993678,0.019752,-0.795236,0.49601,-0.348674,-0.277446,0.960677,-0.011141,-0.331364,-0.356274,-0.873652,-0.082653,0.358664,-0.9298,0.100717,-0.984728,0.142008,-0.423703,-0.35426,-0.833652,0.132654,0.816781,-0.561491],
    "uvs":[]
}