{
    "faces":[32,1,0,6,0,0,0,32,20,3,5,1,1,1,32,24,2,3,2,2,2,32,2,4,9,3,3,3,32,6,4,1,4,4,4,32,2,9,3,5,5,5,32,1,4,2,6,6,6,32,20,5,10,7,7,7,33,8,9,4,7,8,8,8,8,32,4,6,7,9,9,9,32,8,12,9,10,10,10,32,20,10,16,11,11,11,32,13,16,10,12,12,12,32,12,15,19,13,13,13,32,11,14,15,14,14,14,32,16,19,20,15,15,15,32,14,0,17,16,16,16,32,19,23,20,17,17,17,32,17,0,1,18,18,18,32,17,1,21,19,19,19,32,20,23,3,20,20,20,32,24,1,2,21,21,21,32,3,9,5,22,22,22,33,12,13,5,9,23,23,23,23,33,11,12,8,7,24,24,24,24,33,6,0,11,7,25,25,25,25,33,19,16,13,12,26,26,26,26,32,5,13,10,27,27,27,33,17,18,15,14,28,28,28,28,32,12,11,15,29,29,29,32,11,0,14,30,30,30,32,15,18,19,31,31,31,33,23,19,18,22,32,32,32,32,33,22,18,17,21,33,33,33,33,32,23,24,3,34,34,34,32,22,1,24,35,35,35,32,23,22,24,36,36,36,32,22,21,1,37,37,37],
    "metadata":{
        "faces":38,
        "vertices":25,
        "normals":38,
        "uvs":0,
        "type":"Geometry",
        "generator":"io_three",
        "version":3
    },
    "vertices":[0.095273,1.29686,0.233984,0.096848,0.758619,-0.509092,0.412356,0.212454,-0.503289,0.017193,-0.767348,-0.537612,0.635266,0.642999,0.162224,0.3358,-0.845407,-0.088594,0.349216,1.00861,-0.012218,0.569797,0.678394,0.536923,0.574863,0.145224,0.63887,0.863564,-0.132395,-0.005089,0.174792,-0.968665,0.243943,0.122941,0.787298,0.905783,0.059193,-0.073422,1.24937,0.005472,-0.795125,0.7864,-0.227097,1.02392,0.598434,-0.880749,-0.100212,0.622134,-0.293234,-1.04635,0.554712,-0.587225,0.733473,0.039778,-0.993824,-0.048775,0.097264,-0.786275,-0.738137,0.350611,-0.06023,-0.877082,-0.019133,-0.318921,0.992166,-0.755165,-0.63447,0.326779,-0.883765,-0.394521,-0.570949,-0.574905,-0.013352,-0.071017,-1.00693],
    "normals":[0.331541,0.76439,-0.552982,0.043077,-0.978704,-0.200706,0.805012,-0.306882,-0.50772,0.802041,0.341827,-0.489781,0.762885,0.33224,-0.554638,0.636312,-0.230845,-0.736083,0.741147,0.422601,-0.52164,0.015378,-0.939953,-0.340957,0.946942,0.154804,0.281668,0.767965,0.636192,0.074086,0.768285,-0.385815,0.510769,-0.039023,-0.954003,-0.297248,0.39672,-0.831106,0.389712,-0.500623,-0.400739,0.767323,-0.501272,0.30852,0.808419,-0.363151,-0.843295,-0.396201,-0.638512,0.769525,0.011528,-0.324169,-0.897396,-0.299324,-0.447922,0.723624,-0.525105,0.272053,0.884255,0.379579,-0.398984,-0.883202,-0.246505,0.611624,0.34576,-0.711594,0.691781,-0.445492,-0.568309,0.766121,-0.475289,0.43262,0.688646,0.194299,0.698581,0.666198,0.670786,0.325924,-0.464328,-0.397051,0.791676,0.906993,-0.225965,0.355393,-0.838879,0.477666,0.260994,-0.527139,0.348435,0.77506,0.008251,0.79687,0.604095,-0.957744,-0.220462,0.184725,-0.81706,-0.383031,-0.43093,-0.881467,0.447175,-0.151827,-0.191064,-0.554347,-0.810058,0.146862,0.494541,-0.856657,-0.414545,-0.393165,-0.820715,0.483106,-0.060286,-0.873484],
    "uvs":[]
}