{
    "metadata":{
        "type":"Geometry",
        "vertices":56,
        "normals":27,
        "version":3,
        "generator":"io_three",
        "faces":30,
        "uvs":1
    },
    "vertices":[1.64732,-0.027546,0.100591,1.09822,0.001112,0.114901,-1.09822,0.001112,0.114901,-1.64732,-0.027546,0.100591,1.64732,0.774884,-0.218675,1.09822,0.803542,-0.210175,-1.09822,0.803542,-0.210175,-1.64732,0.774884,-0.218675,1.64732,1.76043,-0.148029,1.09822,1.78909,-0.139529,-1.09822,1.78909,-0.139529,-1.64732,1.76043,-0.148029,1.64732,2.54767,0.440251,1.09822,2.57632,0.448751,-1.09822,2.57632,0.448751,-1.64732,2.54767,0.440251,-7.60478,0.774884,-0.218675,-7.60478,1.76043,-0.148029,-7.60478,2.54767,0.440251,-7.60478,0.373669,-0.126916,-7.60478,1.26766,-0.263869,-7.60478,2.15405,0.013824,-2.20035,2.15405,0.013824,-2.20035,1.26766,-0.263869,1.09822,0.402327,-0.11551,1.64732,0.373669,-0.126916,-1.64732,0.373669,-0.126916,-1.09822,0.402327,-0.11551,1.09822,1.29632,-0.255369,1.64732,1.26766,-0.263869,-1.64732,1.26766,-0.263869,-1.09822,1.29632,-0.255369,1.09822,2.18271,0.090198,1.64732,2.15405,0.081697,-1.64732,2.15405,0.013824,-1.09822,2.18271,0.022324,-2.20035,0.373669,-0.126916,-2.20035,2.54767,0.440251,-2.20035,1.76043,-0.148029,2.20232,1.76043,-0.148029,-2.20035,0.774884,-0.218675,7.69031,2.54767,0.440251,7.69031,0.373669,-0.126916,7.69031,1.26766,-0.263869,2.20232,0.774884,-0.218675,7.69031,2.15405,0.081697,7.69031,0.774884,-0.218675,7.69031,1.76043,-0.148029,2.20232,2.15405,0.081697,2.20232,1.26766,-0.263869,2.20232,0.373669,-0.126916,2.20232,2.54767,0.440251,2.19584,-0.05353,0.100591,7.66616,-0.085286,0.100591,-2.19435,-0.053716,0.100591,-7.60431,-0.084772,0.100591],
    "normals":[0,0.571001,-0.820917,0,0.305521,-0.952178,0.005768,-0.35551,-0.934629,0.011444,-0.481216,-0.876492,0.006317,-0.469008,-0.883145,0.003174,-0.348979,-0.937101,0,0.069643,-0.997559,0,0.370525,-0.9288,0,-0.157476,-0.987518,0,0.591998,-0.805902,-0.005707,-0.355541,-0.934629,-0.003143,-0.348949,-0.937101,0,0.734794,-0.678243,0.000641,-0.34254,-0.939482,0.001282,-0.456893,-0.889492,-0.006287,-0.468978,-0.883175,-0.000641,-0.340709,-0.940153,-0.001312,-0.45671,-0.889584,-0.011322,-0.481307,-0.876461,0,-0.160863,-0.986969,0,-0.367656,-0.929929,0,-0.498001,-0.867153,0.006958,0.339335,-0.940611,0.010926,0.706046,-0.70806,0.012513,0.584765,-0.81109,0.012543,0.581774,-0.813227,0,0.673391,-0.73925],
    "faces":[41,34,11,38,22,0,1,2,3,0,1,1,0,41,26,3,54,36,4,5,6,7,2,3,4,5,41,29,8,39,49,8,9,10,11,6,7,7,6,41,29,49,44,4,8,11,12,13,6,6,8,8,41,30,23,38,11,14,15,2,1,6,6,1,1,41,8,33,48,39,9,16,17,10,7,9,9,7,41,25,4,44,50,18,13,12,19,10,8,8,11,41,34,22,37,15,0,3,20,21,0,0,12,12,41,36,19,16,40,7,22,23,24,5,13,8,8,41,22,38,17,21,3,2,25,26,0,1,1,0,41,49,43,46,44,11,27,28,12,6,6,8,8,41,23,20,17,38,15,29,25,2,6,6,1,1,41,49,39,47,43,11,10,30,27,6,7,7,6,41,19,36,54,55,22,7,6,31,13,5,4,14,41,39,48,45,47,10,17,32,30,7,9,9,7,41,52,50,42,53,33,19,34,35,15,11,16,17,41,0,25,50,52,36,18,19,33,18,10,11,15,41,30,7,40,23,14,37,24,15,6,8,8,6,41,23,40,16,20,15,24,23,29,6,8,8,6,41,50,44,46,42,19,12,28,34,11,8,8,16,41,26,36,40,7,4,7,24,37,2,5,8,8,41,22,21,18,37,3,26,38,20,0,0,12,12,41,6,5,24,27,39,40,41,42,19,19,20,20,41,27,24,1,2,42,41,43,44,20,20,21,21,41,10,9,28,31,45,46,47,48,22,22,6,6,41,14,13,32,35,49,50,51,52,23,23,24,25,41,31,28,5,6,48,47,40,39,6,6,19,19,41,12,51,48,33,53,54,17,16,26,26,9,9,41,35,32,9,10,52,51,46,45,25,24,22,22,41,51,41,45,48,54,55,32,17,26,26,9,9],
    "uvs":[[0.389501,0.841346,0.389501,0.69346,0.353344,0.69346,0.353344,0.841346,0.389501,0.172435,0.389501,0.021693,0.353737,0.011861,0.353344,0.172435,0.604907,0.508318,0.604907,0.69346,0.641193,0.69346,0.641193,0.508318,0.641193,0.323177,0.604907,0.323177,0.389501,0.508318,0.353344,0.508318,0.604907,0.841346,0.641193,0.841346,0.604907,0.172435,0.641193,0.172435,0.353344,0.989233,0.389501,0.989233,0,0.172435,0,0.323177,0.353344,0.323177,0,0.69346,0,0.841346,1,0.508318,1,0.323177,0,0.508318,1,0.69346,3e-05,0.000193,1,0.841346,0.640769,0.011931,1,0.172435,0.998421,0,0.604907,0.021693,0.389501,0.323177,0,0.989233,0.425402,0.333944,0.569006,0.333944,0.569006,0.183202,0.425402,0.183202,0.569006,0.032461,0.425402,0.032461,0.425402,0.704228,0.569006,0.704228,0.569006,0.519086,0.425402,0.519086,0.425402,1,0.569006,1,0.569006,0.852114,0.425402,0.852114,0.604907,0.989233,0.641193,0.989233,1,0.989233]]
}