{
    "faces":[33,56,55,6,7,0,1,2,3,33,54,53,4,5,4,5,6,7,33,52,0,2,3,8,9,10,11,33,57,56,7,8,12,0,3,13,33,55,54,5,6,1,4,7,2,33,53,52,3,4,5,8,11,6,32,0,1,2,9,14,10,32,37,57,8,15,12,13,33,8,7,14,15,13,3,16,17,33,6,5,12,13,2,7,18,19,33,4,3,10,11,6,11,20,21,32,2,1,9,10,14,22,32,37,8,15,15,13,17,33,7,6,13,14,3,2,19,16,33,5,4,11,12,7,6,21,18,33,3,2,9,10,11,10,22,20,33,11,10,17,18,21,20,23,24,32,9,1,16,22,14,25,32,37,15,22,15,17,26,33,14,13,20,21,16,19,27,28,33,12,11,18,19,18,21,24,29,33,10,9,16,17,20,22,25,23,33,15,14,21,22,17,16,28,26,33,13,12,19,20,19,18,29,27,32,37,22,29,15,26,30,33,21,20,27,28,28,27,31,32,33,19,18,25,26,29,24,33,34,33,17,16,23,24,23,25,35,36,33,22,21,28,29,26,28,32,30,33,20,19,26,27,27,29,34,31,33,18,17,24,25,24,23,36,33,32,16,1,23,25,14,35,33,24,23,30,31,36,35,37,38,33,29,28,35,36,30,32,39,40,33,27,26,33,34,31,34,41,42,33,25,24,31,32,33,36,38,43,32,23,1,30,35,14,37,32,37,29,36,15,30,40,33,28,27,34,35,32,31,42,39,33,26,25,32,33,34,33,43,41,33,36,35,43,44,40,39,44,45,33,34,33,41,42,42,41,46,47,33,32,31,39,40,43,38,48,49,32,30,1,38,37,14,50,32,37,36,44,15,40,45,33,35,34,42,43,39,42,47,44,33,33,32,40,41,41,43,49,46,33,31,30,38,39,38,37,50,48,32,38,1,45,50,14,51,32,37,44,51,15,45,52,33,43,42,49,50,44,47,53,54,33,41,40,47,48,46,49,55,56,33,39,38,45,46,48,50,51,57,33,44,43,50,51,45,44,54,52,33,42,41,48,49,47,46,56,53,33,40,39,46,47,49,48,57,55,33,50,49,55,56,54,53,1,0,33,48,47,53,54,56,55,5,4,33,0,52,46,45,9,8,57,51,33,51,50,56,57,52,54,0,12,33,49,48,54,55,53,56,4,1,33,47,46,52,53,55,57,8,5,32,45,1,0,51,14,9,32,37,51,57,15,52,12],
    "vertices":[0,0.310843,-0.128756,-0,0.336455,-0,0.091044,0.310843,-0.091044,0.168227,0.237909,-0.168227,0.219799,0.128756,-0.2198,0.237909,-0,-0.237909,0.219799,-0.128756,-0.2198,0.168227,-0.237909,-0.168227,0.091044,-0.310843,-0.091044,0.128756,0.310843,-0,0.237909,0.237909,-0,0.310843,0.128756,-0,0.336454,-0,-0,0.310843,-0.128756,-0,0.237909,-0.237909,-0,0.128756,-0.310843,-0,0.091044,0.310843,0.091044,0.168227,0.237909,0.168227,0.219799,0.128756,0.219799,0.237909,-0,0.237909,0.219799,-0.128756,0.219799,0.168227,-0.237909,0.168227,0.091044,-0.310843,0.091044,0,0.310843,0.128755,0,0.237909,0.237909,0,0.128756,0.310843,0,-0,0.336454,0,-0.128756,0.310843,0,-0.237909,0.237909,0,-0.310843,0.128755,-0.091044,0.310843,0.091044,-0.168227,0.237909,0.168227,-0.219799,0.128756,0.219799,-0.237909,-0,0.237909,-0.219799,-0.128756,0.219799,-0.168227,-0.237909,0.168227,-0.091044,-0.310843,0.091044,0,-0.336455,-0,-0.128756,0.310843,-0,-0.237909,0.237909,-0,-0.310843,0.128756,-0,-0.336454,-0,-0,-0.310843,-0.128756,-0,-0.237909,-0.237909,-0,-0.128756,-0.310843,-0,-0.091044,0.310843,-0.091044,-0.168227,0.237909,-0.168227,-0.219799,0.128756,-0.219799,-0.237909,-0,-0.237909,-0.219799,-0.128756,-0.219799,-0.168227,-0.237909,-0.168227,-0.091044,-0.310843,-0.091044,-0,0.237909,-0.237909,-0,0.128756,-0.310843,0,-0,-0.336455,-0,-0.128756,-0.310843,-0,-0.237909,-0.237909,-0,-0.310843,-0.128756],
    "normals":[0,-0.683828,-0.729606,0,-0.366771,-0.930296,0.657796,-0.366771,-0.657796,0.515915,-0.683828,-0.515915,0,0,-1,0,0.366771,-0.930296,0.657796,0.366771,-0.657796,0.707083,0,-0.707083,0,0.683828,-0.729606,0,0.906308,-0.422559,0.298807,0.906308,-0.298807,0.515915,0.683828,-0.515915,0,-0.906308,-0.422559,0.298807,-0.906308,-0.298807,0,1,0,0,-1,0,0.729606,-0.683828,0,0.422559,-0.906308,0,1,0,0,0.930296,-0.366771,0,0.729606,0.683828,0,0.930296,0.366771,0,0.422559,0.906308,0,0.515915,0.683828,0.515915,0.657796,0.366771,0.657796,0.298807,0.906308,0.298807,0.298807,-0.906308,0.298807,0.657796,-0.366771,0.657796,0.515915,-0.683828,0.515915,0.707083,0,0.707083,0,-0.906308,0.422559,0,-0.366771,0.930296,0,-0.683828,0.729606,0,0.366771,0.930296,0,0,1,0,0.906308,0.422559,0,0.683828,0.729606,-0.298807,0.906308,0.298807,-0.515915,0.683828,0.515915,-0.515915,-0.683828,0.515915,-0.298807,-0.906308,0.298807,-0.707083,0,0.707083,-0.657796,-0.366771,0.657796,-0.657796,0.366771,0.657796,-0.729606,-0.683828,0,-0.422559,-0.906308,0,-1,0,0,-0.930296,-0.366771,0,-0.729606,0.683828,0,-0.930296,0.366771,0,-0.422559,0.906308,0,-0.298807,0.906308,-0.298807,-0.298807,-0.906308,-0.298807,-0.657796,-0.366771,-0.657796,-0.515915,-0.683828,-0.515915,-0.657796,0.366771,-0.657796,-0.707083,0,-0.707083,-0.515915,0.683828,-0.515915],
    "uvs":[],
    "metadata":{
        "type":"Geometry",
        "vertices":58,
        "faces":64,
        "generator":"io_three",
        "version":3,
        "normals":58,
        "uvs":0
    }
}