{
    "vertices":[1e-06,-0,-5.4113,0,-0,-4.4988,0.530401,-0,-5.38525,0.44096,-0,-4.47714,1.05569,-0,-5.30733,0.877673,-0,-4.41236,1.57082,-0,-5.1783,1.30593,-0,-4.30508,2.07082,-0,-4.99939,1.72162,-0,-4.15635,2.55087,-0,-4.77234,2.12072,-0,-3.96759,3.00636,-0,-4.49934,2.4994,-0,-3.74062,3.4329,-0,-4.183,2.85401,-0,-3.47762,3.82637,-0,-3.82637,3.18113,-0,-3.18113,4.183,-0,-3.43289,3.47762,-0,-2.85401,4.49934,-0,-3.00636,3.74062,-0,-2.4994,4.77234,-0,-2.55087,3.96759,-0,-2.12072,4.99939,-0,-2.07082,4.15635,-0,-1.72162,5.1783,-0,-1.57082,4.30508,-0,-1.30593,5.30733,-0,-1.05569,4.41236,-0,-0.877672,5.38525,-0,-0.5304,4.47714,-0,-0.440959,5.4113,0,1e-06,4.4988,0,1e-06,5.38525,0,0.530401,4.47714,0,0.440961,5.30733,0,1.05569,4.41236,0,0.877674,5.1783,0,1.57082,4.30508,0,1.30593,4.99939,0,2.07082,4.15635,0,1.72162,4.77234,0,2.55087,3.96759,0,2.12072,4.49933,0,3.00636,3.74062,0,2.4994,4.18299,0,3.4329,3.47762,0,2.85401,3.82637,0,3.82637,3.18113,0,3.18113,3.43289,0,4.183,2.85401,0,3.47762,3.00636,0,4.49934,2.4994,0,3.74062,2.55087,0,4.77235,2.12072,0,3.96759,2.07081,0,4.99939,1.72161,0,4.15635,1.57082,0,5.1783,1.30593,0,4.30509,1.05569,0,5.30733,0.877669,0,4.41236,0.530397,0,5.38525,0.440956,0,4.47714,-4e-06,0,5.4113,-4e-06,0,4.4988,-0.530405,0,5.38525,-0.440963,0,4.47714,-1.0557,0,5.30733,-0.877676,0,4.41236,-1.57082,0,5.17829,-1.30594,0,4.30508,-2.07082,0,4.99939,-1.72162,0,4.15635,-2.55088,0,4.77234,-2.12072,0,3.96759,-3.00636,0,4.49933,-2.4994,0,3.74061,-3.4329,0,4.18299,-2.85401,0,3.47762,-3.82637,0,3.82637,-3.18114,0,3.18113,-4.183,0,3.43289,-3.47762,0,2.85401,-4.49934,0,3.00636,-3.74062,0,2.4994,-4.77235,0,2.55087,-3.96759,0,2.12072,-4.99939,0,2.07082,-4.15635,0,1.72161,-5.1783,0,1.57082,-4.30508,0,1.30593,-5.30733,0,1.05569,-4.41236,0,0.877673,-5.38525,0,0.530402,-4.47714,0,0.440961,-5.4113,0,2e-06,-4.4988,0,2e-06,-5.38525,-0,-0.530397,-4.47714,-0,-0.440957,-5.30733,-0,-1.05569,-4.41236,-0,-0.877669,-5.1783,-0,-1.57081,-4.30509,-0,-1.30593,-4.99939,-0,-2.07081,-4.15635,-0,-1.72161,-4.77235,-0,-2.55086,-3.96759,-0,-2.12071,-4.49934,-0,-3.00635,-3.74062,-0,-2.49939,-4.183,-0,-3.43289,-3.47763,-0,-2.854,-3.82638,-0,-3.82636,-3.18114,-0,-3.18113,-3.4329,-0,-4.18299,-2.85402,-0,-3.47761,-3.00637,-0,-4.49933,-2.49941,-0,-3.74061,-2.55088,-0,-4.77234,-2.12073,-0,-3.96758,-2.07083,-0,-4.99939,-1.72163,-0,-4.15634,-1.57083,-0,-5.17829,-1.30595,-0,-4.30508,-1.05571,-0,-5.30732,-0.877687,-0,-4.41235,-0.530419,-0,-5.38525,-0.440975,-0,-4.47714],
    "uvs":[[0.929482,0.000142,0.929482,0.999857,0.070518,0.999858,0.070518,0.000143]],
    "faces":[41,0,1,3,2,0,1,2,3,0,0,0,1,41,2,3,5,4,0,1,2,3,1,0,0,1,41,4,5,7,6,0,1,2,3,1,0,0,0,41,6,7,9,8,0,1,2,3,0,0,0,0,41,8,9,11,10,0,1,2,3,0,0,0,0,41,10,11,13,12,0,1,2,3,0,0,0,0,41,12,13,15,14,0,1,2,3,0,0,0,0,41,14,15,17,16,0,1,2,3,0,0,0,0,41,16,17,19,18,0,1,2,3,0,0,0,0,41,18,19,21,20,0,1,2,3,0,0,0,0,41,20,21,23,22,0,1,2,3,0,0,0,0,41,22,23,25,24,0,1,2,3,0,0,0,0,41,24,25,27,26,0,1,2,3,0,0,0,1,41,26,27,29,28,0,1,2,3,1,0,0,1,41,28,29,31,30,0,1,2,3,1,0,1,1,41,30,31,33,32,0,1,2,3,1,1,0,1,41,32,33,35,34,0,1,2,3,1,0,0,0,41,34,35,37,36,0,1,2,3,0,0,0,0,41,36,37,39,38,0,1,2,3,0,0,0,1,41,38,39,41,40,0,1,2,3,1,0,0,0,41,40,41,43,42,0,1,2,3,0,0,0,1,41,42,43,45,44,0,1,2,3,1,0,0,0,41,44,45,47,46,0,1,2,3,0,0,0,0,41,46,47,49,48,0,1,2,3,0,0,1,0,41,48,49,51,50,0,1,2,3,0,1,0,1,41,50,51,53,52,0,1,2,3,1,0,0,0,41,52,53,55,54,0,1,2,3,0,0,0,0,41,54,55,57,56,0,1,2,3,0,0,0,0,41,56,57,59,58,0,1,2,3,0,0,0,1,41,58,59,61,60,0,1,2,3,1,0,0,0,41,60,61,63,62,0,1,2,3,0,0,0,0,41,62,63,65,64,0,1,2,3,0,0,0,0,41,64,65,67,66,0,1,2,3,0,0,1,0,41,66,67,69,68,0,1,2,3,0,1,0,0,41,68,69,71,70,0,1,2,3,0,0,0,1,41,70,71,73,72,0,1,2,3,1,0,0,0,41,72,73,75,74,0,1,2,3,0,0,0,0,41,74,75,77,76,0,1,2,3,0,0,0,0,41,76,77,79,78,0,1,2,3,0,0,0,0,41,78,79,81,80,0,1,2,3,0,0,0,0,41,80,81,83,82,0,1,2,3,0,0,0,1,41,82,83,85,84,0,1,2,3,1,0,0,0,41,84,85,87,86,0,1,2,3,0,0,0,1,41,86,87,89,88,0,1,2,3,1,0,0,0,41,88,89,91,90,0,1,2,3,0,0,0,1,41,90,91,93,92,0,1,2,3,1,0,0,0,41,92,93,95,94,0,1,2,3,0,0,0,0,41,94,95,97,96,0,1,2,3,0,0,0,0,41,96,97,99,98,0,1,2,3,0,0,0,0,41,98,99,101,100,0,1,2,3,0,0,0,1,41,100,101,103,102,0,1,2,3,1,0,0,0,41,102,103,105,104,0,1,2,3,0,0,0,0,41,104,105,107,106,0,1,2,3,0,0,0,0,41,106,107,109,108,0,1,2,3,0,0,0,0,41,108,109,111,110,0,1,2,3,0,0,0,0,41,110,111,113,112,0,1,2,3,0,0,0,0,41,112,113,115,114,0,1,2,3,0,0,0,1,41,114,115,117,116,0,1,2,3,1,0,0,0,41,116,117,119,118,0,1,2,3,0,0,0,0,41,118,119,121,120,0,1,2,3,0,0,0,0,41,120,121,123,122,0,1,2,3,0,0,0,0,41,122,123,125,124,0,1,2,3,0,0,0,0,41,124,125,127,126,0,1,2,3,0,0,1,0,41,1,0,126,127,2,3,0,1,0,0,0,1],
    "metadata":{
        "generator":"io_three",
        "type":"Geometry",
        "faces":64,
        "vertices":128,
        "uvs":1,
        "version":3,
        "normals":2
    },
    "normals":[0,1,0,0,0.999969,0]
}