{
    "uvs":[[0.500001,0.495036,0.85031,0.203223,0.853418,0.829365,0.153599,0.203222,0.154394,0.829365]],
    "vertices":[0,0.310597,0.784257,-0.607373,0.431103,1.3429,-0.60737,1.47043,0.71409,0.607373,0.431103,1.3429,0.607373,1.47043,0.714085],
    "metadata":{
        "generator":"io_three",
        "faces":4,
        "version":3,
        "vertices":5,
        "uvs":1,
        "type":"Geometry",
        "normals":4
    },
    "faces":[40,0,3,4,0,1,2,0,0,0,40,1,3,0,3,1,0,1,1,1,40,4,2,0,2,4,0,2,2,2,40,1,0,2,3,0,4,3,3,3],
    "normals":[-0.664684,0.386752,0.639233,0,0.977516,-0.210861,4e-06,0.060389,0.998175,0.664684,0.386748,0.639235]
}