{
    "vertices":[-8.45814,0.304553,2.36153,-8.5495,-0.04647,1.27489,-8.51529,0.753575,0.94908,-8.40527,1.73818,1.00011,-8.26432,2.52693,1.56517,-8.53033,0.353262,1.04315,-8.47438,1.24553,0.896572,-8.33791,2.13228,1.21841,-7.78271,-0.087026,1.15472,-6.66264,-0.087026,0.959568,-5.24115,-0.087096,0.623945,1.93599,-0.046469,0.177671,1.29603,-0.0073,0.130058,-1.27009,-0.0073,0.090542,-1.90809,-0.04647,0.169556,2.08013,0.753575,-0.127781,1.39635,0.794058,-0.187502,-1.36935,0.794058,-0.22287,-2.05109,0.753575,-0.129932,2.16681,1.73818,-0.050333,1.45432,1.77919,-0.112961,-1.42732,1.77919,-0.145344,-2.13766,1.73818,-0.048014,2.10648,2.52693,0.530575,1.41353,2.56709,0.47184,-1.38797,2.56709,0.438902,-2.07884,2.52693,0.532078,1.3637,0.39325,-0.09549,2.03361,0.353262,-0.040937,-2.00491,0.353262,-0.04504,-1.33702,0.39325,-0.132225,1.43446,1.28647,-0.229919,2.13687,1.24553,-0.167891,-2.10756,1.24553,-0.167444,-1.40726,1.28647,-0.263548,1.44692,2.17302,0.115927,2.15571,2.13228,0.177391,-2.15821,2.13198,0.11566,-1.4412,2.17289,0.017977,2.7033,-0.087026,0.258051,-2.67068,-0.087166,0.287386,3.82245,-0.087026,0.435801,-3.79548,-0.087166,0.441305,5.26294,-0.087096,0.671082,8.55785,-0.04647,1.34456,8.52698,0.753575,1.00903,8.41871,1.73818,1.05263,8.54098,0.353262,1.10629,8.4873,1.24553,0.952234,8.34392,2.13198,1.19812,7.80954,-0.087166,1.16242,6.69812,-0.087166,0.936302,8.15381,2.53938,1.60465],
    "normals":[0.173467,0.050447,-0.98352,0.171209,-0.167333,-0.970916,0.171178,-0.167333,-0.970916,0.173467,0.050478,-0.98352,0.162114,0.322611,-0.932524,0.161962,0.324503,-0.931883,0.137669,0.573443,-0.807581,0.138981,0.562456,-0.815027,0.119602,0.701315,-0.702719,0.160772,-0.377361,-0.911985,0.150121,-0.501938,-0.851772,0.018525,0.579424,-0.814783,0.018555,0.576861,-0.816584,0.016358,0.70159,-0.712363,0.015839,0.342418,-0.93939,0.0159,0.343577,-0.938963,0.011841,0.081027,-0.996612,0.011841,0.080844,-0.996643,0.012574,-0.150121,-0.988556,0.012574,-0.149968,-0.988586,0.012879,-0.348674,-0.937132,0.012879,-0.349467,-0.936857,0.012604,-0.488296,-0.872555,-0.12122,0.701865,-0.701865,-0.139439,0.573351,-0.807306,-0.139348,0.574236,-0.806726,-0.158116,0.326121,-0.931974,-0.158086,0.327616,-0.931455,-0.164525,0.05649,-0.984741,-0.164525,0.056368,-0.984741,-0.162481,-0.160741,-0.97351,-0.162481,-0.160833,-0.97351,-0.152806,-0.369457,-0.916593,-0.152776,-0.369854,-0.91641,-0.142949,-0.492996,-0.85818],
    "faces":[41,48,45,15,32,0,1,2,3,0,1,2,3,41,46,19,36,49,4,5,6,7,4,5,6,7,41,52,49,36,23,8,7,6,9,8,7,6,8,41,47,44,11,28,10,11,12,13,9,10,10,9,41,47,28,15,45,10,13,2,1,9,9,2,1,41,48,32,19,46,0,3,5,4,0,3,5,4,41,35,38,25,24,14,15,16,17,11,12,13,13,41,20,21,38,35,18,19,15,14,14,15,12,11,41,20,31,34,21,18,20,21,19,14,16,17,15,41,16,17,34,31,22,23,21,20,18,19,17,16,41,30,17,16,27,24,23,22,25,20,19,18,21,41,30,27,12,13,24,25,26,27,20,21,22,22,41,26,37,7,4,28,29,30,31,23,24,25,23,41,22,3,7,37,32,33,30,29,26,27,25,24,41,22,33,6,3,32,34,35,33,26,28,29,27,41,2,6,33,18,36,35,34,37,30,29,28,31,41,5,2,18,29,38,36,37,39,32,30,31,33,41,1,5,29,14,40,38,39,41,34,32,33,34],
    "uvs":[[0.995876,0.494345,0.998195,0.306113,0.594982,0.310113,0.595369,0.490345,0.996749,0.68284,0.594189,0.68284,0.595493,0.83363,0.996283,0.833519,0.997866,0.989395,0.599451,0.988631,0.999013,0.152945,1,0,0.598274,0,0.595192,0.148945,0.584335,0.849218,0.415511,0.849169,0.418623,1,0.582383,1,0.584768,0.698531,0.416323,0.698531,0.583607,0.510008,0.417495,0.510008,0.581378,0.321602,0.419711,0.321602,0.421601,0.168245,0.57947,0.168245,0.575514,0.014987,0.425513,0.014987,0.393863,0.980631,0.399966,0.833519,0.001626,0.83363,0.002998,0.988631,0.401168,0.67484,0.002571,0.68284,0.394138,0.490345,0.002438,0.494345,0.002,0.306113,0.394509,0.302113,0.00112,0.152945,0.396232,0.148945,0,0,0.388219,0]],
    "metadata":{
        "uvs":1,
        "faces":18,
        "version":3,
        "type":"Geometry",
        "vertices":53,
        "normals":35,
        "generator":"io_three"
    }
}