{
    "metadata":{
        "type":"Geometry",
        "vertices":152,
        "normals":152,
        "version":3,
        "generator":"io_three",
        "faces":134,
        "uvs":1
    },
    "vertices":[-7.60783,-0.96774,2.00287,7.68766,-1.04627,2.00287,-7.60783,-0.074563,0.192773,7.68766,-0.074563,0.192773,-7.60783,0.082998,0.66043,-7.60783,0.095738,1.12868,-7.60783,-0.146192,1.5719,7.68766,-0.146192,1.5719,7.68766,0.095738,1.12868,7.68766,0.082998,0.66043,-2.19643,-0.967804,1.97795,-1.64732,-0.965467,2.01681,-1.09822,-0.958122,2.02531,1.09822,-0.958122,2.02531,1.64732,-0.976775,2.01681,2.19643,-0.978963,1.97795,2.19643,-0.054534,0.198714,1.64732,-0.027546,0.206718,1.09822,0.001112,0.215219,-1.09822,0.001112,0.215219,-1.64732,-0.027546,0.206718,-2.19643,-0.054534,0.198714,2.19643,-0.067716,1.59517,1.64732,0.027056,1.62328,1.09822,0.113064,1.64879,-1.09822,0.113064,1.64879,-1.64732,0.027056,1.62328,-2.19643,-0.067716,1.59517,2.19643,0.195803,1.15836,1.64732,0.309205,1.19199,1.09822,0.396688,1.21794,-1.09822,0.396688,1.21794,-1.64732,0.309205,1.19199,-2.19643,0.195803,1.15836,2.19643,0.145289,0.678906,1.64732,0.223198,0.702015,1.09822,0.298382,0.724315,-1.09822,0.298382,0.724315,-1.64732,0.223198,0.702015,-2.19643,0.145289,0.678906,1.64732,0.774884,-0.112548,1.09822,0.803542,-0.104048,-1.09822,0.803542,-0.104048,-1.64732,0.774884,-0.112548,1.64732,1.76043,-0.041902,1.09822,1.78909,-0.033402,-1.09822,1.78909,-0.033402,-1.64732,1.76043,-0.041902,1.64732,2.54767,0.546378,1.09822,2.57632,0.554879,-1.09822,2.57632,0.554879,-1.64732,2.54767,0.546378,1.64732,-0.027546,0.100591,1.09822,0.001112,0.114901,-1.09822,0.001112,0.114901,-1.64732,-0.027546,0.100591,1.64732,0.774884,-0.218675,1.09822,0.803542,-0.210175,-1.09822,0.803542,-0.210175,-1.64732,0.774884,-0.218675,1.64732,1.76043,-0.148029,1.09822,1.78909,-0.139529,-1.09822,1.78909,-0.139529,-1.64732,1.76043,-0.148029,1.64732,2.54767,0.440251,1.09822,2.57632,0.448751,-1.09822,2.57632,0.448751,-1.64732,2.54767,0.440251,-7.60783,-0.117174,1.51873,7.68766,-0.117174,1.51873,-2.19643,-0.036109,1.54278,-1.64732,0.060898,1.57155,-1.09822,0.147083,1.59712,1.09822,0.147083,1.59712,1.64732,0.060898,1.57155,2.19643,-0.036109,1.54278,-7.58975,-0.782144,0.698362,-7.58975,-0.925404,1.81288,-2.19643,-0.874169,1.804,7.61523,-0.925404,1.81288,2.19643,-0.874169,1.804,1.64732,-0.880214,1.76286,1.09822,-0.891552,1.8055,-1.09822,-0.891552,1.8055,-1.64732,-0.880214,1.76286,7.61523,-0.782144,0.698362,-2.19643,-0.776352,0.699913,-1.64732,-0.772055,0.709322,-1.09822,-0.775747,0.701514,1.09822,-0.775747,0.706111,1.64732,-0.776652,0.704726,2.19643,-0.767159,0.70451,7.68766,-0.087861,1.33581,7.68766,-0.077787,1.30729,-2.19643,-0.000223,1.36181,-2.19643,0.016184,1.33516,-1.64732,0.102456,1.39226,-1.64732,0.124328,1.36724,-1.09822,0.18909,1.41796,-1.09822,0.211395,1.39306,1.09822,0.18909,1.41796,1.09822,0.211395,1.39306,1.64732,0.102456,1.39226,1.64732,0.124328,1.36724,2.19643,-0.000223,1.36181,2.19643,0.016184,1.33516,-7.60783,-0.077787,1.30729,-7.60783,-0.087861,1.33581,1.09822,0.402327,-0.012288,1.64732,0.373669,-0.020789,1.09822,0.402327,-0.11551,1.64732,0.373669,-0.126916,-1.64732,0.373669,-0.020789,-1.09822,0.402327,-0.012288,-1.64732,0.373669,-0.126916,-1.09822,0.402327,-0.11551,1.09822,1.29632,-0.149242,1.64732,1.26766,-0.157742,1.09822,1.29632,-0.255369,1.64732,1.26766,-0.263869,-1.64732,1.26766,-0.157742,-1.09822,1.29632,-0.149242,-1.64732,1.26766,-0.263869,-1.09822,1.29632,-0.255369,1.09822,2.18271,0.196325,1.64732,2.15405,0.187825,1.09822,2.18271,0.090198,1.64732,2.15405,0.081697,-1.64732,2.15405,0.119951,-1.09822,2.18271,0.128451,-1.64732,2.15405,0.013824,-1.09822,2.18271,0.022324,-7.65007,-0.984108,29.0775,7.64542,-1.06263,29.0775,-2.23868,-0.984173,29.0526,-1.68957,-0.981836,29.0915,-1.14047,-0.974489,29.1,1.05597,-0.974489,29.1,1.60508,-0.993143,29.0915,2.15418,-0.995332,29.0526,-1.6631,-2.16687,12.1274,-2.21221,-2.1692,12.0885,7.67189,-2.24767,12.1134,2.18065,-2.18036,12.0885,1.08244,-2.15952,12.1359,-1.11399,-2.15952,12.1359,1.63155,-2.17817,12.1274,-7.6236,-2.16914,12.1134,2.19584,-0.05353,0.100591,7.66616,-0.085286,0.100591,-2.19435,-0.053716,0.100591,-7.60431,-0.084772,0.100591],