{
    "metadata":{
        "type":"Geometry",
        "vertices":136,
        "normals":136,
        "version":3,
        "generator":"io_three",
        "faces":120,
        "uvs":1
    },
    "vertices":[-7.60783,-0.96774,2.00287,7.68766,-1.04627,2.00287,-7.60783,-0.074563,0.192773,7.68766,-0.074563,0.192773,-7.60783,0.082998,0.66043,-7.60783,0.095738,1.12868,-7.60783,-0.146192,1.5719,7.68766,-0.146192,1.5719,7.68766,0.095738,1.12868,7.68766,0.082998,0.66043,-2.19643,-0.967804,1.97795,-1.64732,-0.965467,2.01681,-1.09822,-0.958122,2.02531,1.09822,-0.958122,2.02531,1.64732,-0.976775,2.01681,2.19643,-0.978963,1.97795,2.19643,-0.054534,0.198714,1.64732,-0.027546,0.206718,1.09822,0.001112,0.215219,-1.09822,0.001112,0.215219,-1.64732,-0.027546,0.206718,-2.19643,-0.054534,0.198714,2.19643,-0.067716,1.59517,1.64732,0.027056,1.62328,1.09822,0.113064,1.64879,-1.09822,0.113064,1.64879,-1.64732,0.027056,1.62328,-2.19643,-0.067716,1.59517,2.19643,0.195803,1.15836,1.64732,0.309205,1.19199,1.09822,0.396688,1.21794,-1.09822,0.396688,1.21794,-1.64732,0.309205,1.19199,-2.19643,0.195803,1.15836,2.19643,0.145289,0.678906,1.64732,0.223198,0.702015,1.09822,0.298382,0.724315,-1.09822,0.298382,0.724315,-1.64732,0.223198,0.702015,-2.19643,0.145289,0.678906,1.64732,0.774884,-0.112548,1.09822,0.803542,-0.104048,-1.09822,0.803542,-0.104048,-1.64732,0.774884,-0.112548,1.64732,1.76043,-0.041902,1.09822,1.78909,-0.033402,-1.09822,1.78909,-0.033402,-1.64732,1.76043,-0.041902,1.64732,2.54767,0.546378,1.09822,2.57632,0.554879,-1.09822,2.57632,0.554879,-1.64732,2.54767,0.546378,1.64732,-0.027546,0.100591,1.09822,0.001112,0.114901,-1.09822,0.001112,0.114901,-1.64732,-0.027546,0.100591,1.64732,0.774884,-0.218675,1.09822,0.803542,-0.210175,-1.09822,0.803542,-0.210175,-1.64732,0.774884,-0.218675,1.64732,1.76043,-0.148029,1.09822,1.78909,-0.139529,-1.09822,1.78909,-0.139529,-1.64732,1.76043,-0.148029,1.64732,2.54767,0.440251,1.09822,2.57632,0.448751,-1.09822,2.57632,0.448751,-1.64732,2.54767,0.440251,-7.60783,-0.117174,1.51873,7.68766,-0.117174,1.51873,-2.19643,-0.036109,1.54278,-1.64732,0.060898,1.57155,-1.09822,0.147083,1.59712,1.09822,0.147083,1.59712,1.64732,0.060898,1.57155,2.19643,-0.036109,1.54278,7.68766,-0.087861,1.33581,7.68766,-0.077787,1.30729,-2.19643,-0.000223,1.36181,-2.19643,0.016184,1.33516,-1.64732,0.102456,1.39226,-1.64732,0.124328,1.36724,-1.09822,0.18909,1.41796,-1.09822,0.211395,1.39306,1.09822,0.18909,1.41796,1.09822,0.211395,1.39306,1.64732,0.102456,1.39226,1.64732,0.124328,1.36724,2.19643,-0.000223,1.36181,2.19643,0.016184,1.33516,-7.60783,-0.077787,1.30729,-7.60783,-0.087861,1.33581,1.09822,0.402327,-0.012288,1.64732,0.373669,-0.020789,1.09822,0.402327,-0.11551,1.64732,0.373669,-0.126916,-1.64732,0.373669,-0.020789,-1.09822,0.402327,-0.012288,-1.64732,0.373669,-0.126916,-1.09822,0.402327,-0.11551,1.09822,1.29632,-0.149242,1.64732,1.26766,-0.157742,1.09822,1.29632,-0.255369,1.64732,1.26766,-0.263869,-1.64732,1.26766,-0.157742,-1.09822,1.29632,-0.149242,-1.64732,1.26766,-0.263869,-1.09822,1.29632,-0.255369,1.09822,2.18271,0.196325,1.64732,2.15405,0.187825,1.09822,2.18271,0.090198,1.64732,2.15405,0.081697,-1.64732,2.15405,0.119951,-1.09822,2.18271,0.128451,-1.64732,2.15405,0.013824,-1.09822,2.18271,0.022324,-7.65007,-0.984108,29.0775,7.64542,-1.06263,29.0775,-2.23868,-0.984173,29.0526,-1.68957,-0.981836,29.0915,-1.14047,-0.974489,29.1,1.05597,-0.974489,29.1,1.60508,-0.993143,29.0915,2.15418,-0.995332,29.0526,-1.6631,-2.16687,12.1274,-2.21221,-2.1692,12.0885,7.67189,-2.24767,12.1134,2.18065,-2.18036,12.0885,1.08244,-2.15952,12.1359,-1.11399,-2.15952,12.1359,1.63155,-2.17817,12.1274,-7.6236,-2.16914,12.1134,2.19584,-0.05353,0.100591,7.66616,-0.085286,0.100591,-2.19435,-0.053716,0.100591,-7.60431,-0.084772,0.100591],
    "normals":[0.06476,0.965972,-0.250343,0.010437,0.977111,-0.212439,0.005554,0.976287,-0.216285,0.033815,0.977783,-0.206763,0.0347,0.794061,0.6068,0.009735,0.807794,0.589343,0.010498,0.670064,0.74221,0.074068,0.647816,0.758171,0.100314,0.782739,0.614185,0.016846,0.817011,0.576342,0.016816,0.936399,0.350505,0.106693,0.935484,0.336772,-0.01706,0.936369,0.350505,-0.106815,0.935484,0.336772,-0.064821,0.965972,-0.250343,-0.01059,0.977081,-0.212439,-0.174139,0.934233,0.311167,-0.112491,0.944609,-0.308267,-0.077425,0.949309,0.304575,-0.052767,0.938566,-0.341014,0.077425,0.949309,0.304575,0.174139,0.934233,0.311167,0.112491,0.944609,-0.308267,0.052767,0.938566,-0.341014,-0.01709,0.817011,0.576312,-0.100436,0.782708,0.614185,-0.164251,0.72457,0.669332,-0.072787,0.714988,0.695303,0.072787,0.714988,0.695303,0.164251,0.72457,0.669332,-0.001343,0.812525,0.582904,-0.03058,0.798486,0.601184,-0.073458,0.652333,0.754357,-0.009339,0.677267,0.735649,-0.050722,0.795618,0.603656,-0.124668,0.627796,0.768303,-0.021699,0.783715,0.620716,-0.056978,0.625355,0.778222,0.028901,0.781945,0.622639,0.057405,0.795679,0.602954,0.125645,0.626637,0.769097,0.057833,0.625019,0.778436,-0.033784,0.977813,-0.206671,-0.005554,0.978668,-0.205237,-0.354076,0.935026,-0.017548,0.259255,0.964782,-0.044069,0.218604,0.975738,-0.009339,-0.118656,0.992615,-0.024262,0.533433,0.327372,0.7799,0.617298,0.734855,-0.280862,-0.649525,0.705924,-0.282388,-0.557512,0.28193,0.780816,0.752251,0.240852,0.613208,0.661672,-0.276131,-0.697073,0.68334,-0.11774,-0.720511,0.730491,0.108921,0.674123,0.560442,0.315714,0.765618,0.641835,0.698538,-0.316294,-0.610675,0.727134,-0.313486,-0.534989,0.359386,0.76458,0.626942,0.678335,-0.383068,-0.603839,0.687582,-0.40318,-0.730064,0.244758,0.637989,-0.68984,-0.261513,-0.675039,0.749046,-0.042543,0.661122,0.668233,0.047792,-0.742393,0.676931,0.269204,-0.685018,0.74044,-0.245827,0.625507,-0.661672,-0.276131,-0.697073,-0.68334,-0.11774,-0.720511,0.700491,-0.112094,-0.704764,0.68984,-0.261513,-0.675039,-0.700491,-0.112094,-0.704764,-0.668233,0.047792,-0.742393,-0.689993,0.219245,-0.689779,0.689138,0.223273,-0.689352,0.676901,0.055239,-0.73397,-0.676901,0.055239,-0.73397,-0.673299,0.277444,-0.685324,-0.667745,0.420667,-0.614093,0.65508,0.435804,-0.617176,-0.677419,0.437483,-0.591327,0.690786,0.426038,-0.584155,-0.753685,-0.37141,0.542192,-0.725089,-0.208594,0.65627,0.764611,-0.371715,0.526414,-0.749046,-0.042543,0.661122,-0.730491,0.108921,0.674123,-0.737815,-0.40144,0.542619,-0.743736,-0.250832,0.619587,-0.797967,-0.291757,-0.527329,0.812586,-0.295328,-0.502426,0.741234,-0.050386,0.669332,0.725913,-0.211921,0.654286,-0.752251,0.240852,0.613208,0.725303,-0.405652,0.5562,-0.741234,-0.050386,0.669332,-0.714286,0.108768,0.691336,0.730064,0.244758,0.637989,0.714286,0.108768,0.691336,0.171117,0.909024,0.379925,0.079867,0.916318,0.392346,-0.100101,0.928068,0.358623,-0.015778,0.939451,0.342265,-0.079867,0.916318,0.392346,-0.171117,0.909024,0.379925,0.015534,0.939451,0.342265,0.099979,0.928068,0.358654,0.101993,0.928892,0.355968,0.175085,0.886471,0.428358,0.080996,0.883572,0.461196,-0.080996,0.883572,0.461196,-0.175085,0.886471,0.428358,-0.102115,0.928892,0.355968,-0.016846,0.951445,0.307321,0.016602,0.951445,0.307321,-0.009705,0.999695,0.022584,-0.003052,0.999634,0.02649,0.000183,0.997559,-0.069674,-0.005951,0.997528,-0.069674,0.012116,0.999634,0.024079,0.009064,0.999603,0.026521,0.005646,0.997528,-0.069674,0.012513,0.997467,-0.069643,0.017151,0.999542,0.023835,-0.006867,0.999664,0.023774,-0.006104,0.997528,-0.069674,0.016266,0.997436,-0.069643,0.019837,0.999542,0.022584,0.016419,0.997406,-0.069643,9.2e-05,0.999695,0.023865,-0.000305,0.997559,-0.069674,0.004669,0.998657,-0.051546,0.026551,0.999359,-0.023286,-0.026887,0.999359,-0.022614,-0.004669,0.998749,-0.049409],